x,true_label,pred_label,prob_SSA
MHIST_aag.png,HP,HP,0.04784
MHIST_aah.png,HP,HP,0.05174
MHIST_aar.png,HP,HP,0.05532
MHIST_aay.png,HP,HP,0.11768
MHIST_abs.png,HP,HP,0.21569
MHIST_abx.png,HP,HP,0.00076
MHIST_acb.png,HP,HP,0.00474
MHIST_acg.png,HP,HP,0.05853
MHIST_aco.png,HP,HP,0.04706
MHIST_acq.png,HP,SSA,0.50451
MHIST_acw.png,HP,HP,0.01703
MHIST_acy.png,HP,HP,0.00075
MHIST_add.png,HP,SSA,0.50832
MHIST_adj.png,HP,HP,0.00402
MHIST_ado.png,HP,HP,0.10905
MHIST_aeb.png,HP,HP,0.00001
MHIST_aec.png,HP,HP,0.00705
MHIST_aee.png,HP,HP,0.22888
MHIST_aej.png,HP,HP,0.00088
MHIST_aek.png,HP,HP,0.00186
MHIST_aep.png,HP,HP,0.25661
MHIST_aeq.png,HP,HP,0.00008
MHIST_aes.png,HP,HP,0.01953
MHIST_aez.png,HP,HP,0.00254
MHIST_afc.png,HP,HP,0.08170
MHIST_afg.png,HP,HP,0.00828
MHIST_afm.png,HP,HP,0.04873
MHIST_afn.png,HP,HP,0.02803
MHIST_afo.png,HP,HP,0.48386
MHIST_afs.png,HP,HP,0.00002
MHIST_agh.png,HP,HP,0.01355
MHIST_agk.png,HP,HP,0.00481
MHIST_agy.png,HP,HP,0.34278
MHIST_ahd.png,HP,HP,0.01025
MHIST_aho.png,HP,HP,0.00137
MHIST_ahw.png,HP,HP,0.01215
MHIST_aie.png,HP,HP,0.00044
MHIST_aif.png,HP,HP,0.03406
MHIST_aim.png,HP,HP,0.00033
MHIST_ajo.png,HP,HP,0.20381
MHIST_ajp.png,HP,HP,0.01171
MHIST_aju.png,HP,HP,0.30685
MHIST_ajy.png,HP,HP,0.29107
MHIST_ajz.png,HP,HP,0.20095
MHIST_akc.png,HP,HP,0.09504
MHIST_akp.png,HP,HP,0.09637
MHIST_alc.png,HP,HP,0.00161
MHIST_alg.png,HP,HP,0.01678
MHIST_ali.png,HP,SSA,0.62572
MHIST_alo.png,HP,HP,0.03313
MHIST_alr.png,HP,HP,0.00398
MHIST_als.png,HP,SSA,0.86243
MHIST_alt.png,HP,HP,0.00668
MHIST_alv.png,HP,HP,0.10821
MHIST_ame.png,HP,HP,0.00356
MHIST_ami.png,HP,SSA,0.82682
MHIST_amo.png,HP,SSA,0.72725
MHIST_amq.png,HP,HP,0.01924
MHIST_amw.png,HP,HP,0.00046
MHIST_amz.png,HP,HP,0.00019
MHIST_ana.png,HP,HP,0.03586
MHIST_and.png,HP,HP,0.00590
MHIST_ane.png,HP,SSA,0.57999
MHIST_ank.png,HP,HP,0.10947
MHIST_anr.png,HP,HP,0.11596
MHIST_ant.png,HP,HP,0.10523
MHIST_aod.png,HP,HP,0.00785
MHIST_aol.png,HP,HP,0.27477
MHIST_aop.png,HP,HP,0.00001
MHIST_apa.png,HP,HP,0.02540
MHIST_apk.png,HP,HP,0.33697
MHIST_aps.png,HP,HP,0.11039
MHIST_aqj.png,HP,HP,0.11037
MHIST_aqm.png,HP,SSA,0.54746
MHIST_aqy.png,HP,SSA,0.86071
MHIST_arq.png,HP,HP,0.00000
MHIST_asa.png,HP,HP,0.12972
MHIST_ase.png,HP,HP,0.23980
MHIST_asg.png,HP,HP,0.01881
MHIST_asi.png,HP,HP,0.25501
MHIST_aso.png,HP,HP,0.00311
MHIST_asu.png,HP,HP,0.00492
MHIST_asw.png,HP,HP,0.00922
MHIST_atb.png,HP,HP,0.10636
MHIST_atd.png,HP,HP,0.01817
MHIST_ath.png,HP,HP,0.00073
MHIST_atq.png,HP,HP,0.20399
MHIST_atu.png,HP,HP,0.00442
MHIST_aty.png,HP,HP,0.10004
MHIST_aub.png,HP,HP,0.04638
MHIST_auc.png,HP,HP,0.04466
MHIST_aug.png,HP,SSA,0.81962
MHIST_auk.png,HP,HP,0.19915
MHIST_aus.png,HP,HP,0.07328
MHIST_aut.png,HP,SSA,0.84327
MHIST_aux.png,HP,HP,0.00128
MHIST_auy.png,HP,HP,0.03479
MHIST_avd.png,HP,HP,0.10919
MHIST_avf.png,HP,HP,0.00018
MHIST_avg.png,HP,HP,0.00599
MHIST_avw.png,HP,SSA,0.96476
MHIST_avx.png,HP,SSA,0.57359
MHIST_avz.png,HP,HP,0.13885
MHIST_awh.png,HP,HP,0.00030
MHIST_awm.png,HP,HP,0.00195
MHIST_awu.png,HP,HP,0.04528
MHIST_awz.png,HP,HP,0.15313
MHIST_axc.png,HP,HP,0.07143
MHIST_axm.png,HP,HP,0.00145
MHIST_ayf.png,HP,HP,0.12834
MHIST_ayh.png,HP,HP,0.02182
MHIST_ayy.png,HP,HP,0.00785
MHIST_ayz.png,HP,HP,0.00346
MHIST_azf.png,HP,SSA,0.70315
MHIST_azx.png,HP,HP,0.00009
MHIST_azz.png,HP,HP,0.10186
MHIST_bag.png,HP,HP,0.00021
MHIST_ban.png,HP,HP,0.02428
MHIST_bap.png,HP,HP,0.02060
MHIST_baw.png,HP,HP,0.00089
MHIST_baz.png,HP,HP,0.03954
MHIST_bbf.png,HP,HP,0.00145
MHIST_bbn.png,HP,HP,0.01506
MHIST_bbr.png,HP,HP,0.00290
MHIST_bcd.png,HP,HP,0.17851
MHIST_bcr.png,HP,HP,0.25351
MHIST_bcv.png,HP,HP,0.02385
MHIST_bcz.png,HP,HP,0.03047
MHIST_bda.png,HP,HP,0.00729
MHIST_bdb.png,HP,HP,0.06876
MHIST_bdc.png,HP,HP,0.01790
MHIST_bdd.png,HP,HP,0.00297
MHIST_bdh.png,HP,HP,0.00094
MHIST_bdl.png,HP,HP,0.00199
MHIST_bdo.png,HP,HP,0.00663
MHIST_bdt.png,HP,HP,0.24600
MHIST_bea.png,HP,HP,0.00010
MHIST_beh.png,HP,HP,0.00968
MHIST_bej.png,HP,HP,0.08211
MHIST_bel.png,HP,HP,0.00184
MHIST_bem.png,HP,HP,0.00453
MHIST_ben.png,HP,HP,0.00065
MHIST_bez.png,HP,HP,0.46389
MHIST_bfb.png,HP,HP,0.37629
MHIST_bfc.png,HP,HP,0.00079
MHIST_bfd.png,HP,HP,0.06297
MHIST_bfi.png,HP,HP,0.03129
MHIST_bfj.png,HP,HP,0.47795
MHIST_bfy.png,HP,HP,0.27012
MHIST_bfz.png,HP,HP,0.00023
MHIST_bga.png,HP,HP,0.00261
MHIST_bge.png,HP,HP,0.00065
MHIST_bgi.png,HP,HP,0.09280
MHIST_bgj.png,HP,HP,0.04609
MHIST_bgy.png,HP,SSA,0.74521
MHIST_bgz.png,HP,HP,0.00279
MHIST_bhu.png,HP,HP,0.02786
MHIST_bhx.png,HP,HP,0.05375
MHIST_bif.png,HP,HP,0.00834
MHIST_bij.png,HP,HP,0.10085
MHIST_bil.png,HP,HP,0.00013
MHIST_bim.png,HP,HP,0.05547
MHIST_biu.png,HP,HP,0.05305
MHIST_bix.png,HP,HP,0.01190
MHIST_biy.png,HP,HP,0.06655
MHIST_biz.png,HP,HP,0.00916
MHIST_bje.png,HP,HP,0.00387
MHIST_bjh.png,HP,HP,0.05336
MHIST_bjm.png,HP,HP,0.01854
MHIST_bjt.png,HP,HP,0.00205
MHIST_bka.png,HP,HP,0.00013
MHIST_bke.png,HP,HP,0.11046
MHIST_bkh.png,HP,HP,0.01223
MHIST_bko.png,HP,HP,0.00154
MHIST_bkp.png,HP,HP,0.07014
MHIST_bkt.png,HP,HP,0.00061
MHIST_bku.png,HP,HP,0.02683
MHIST_bld.png,HP,HP,0.02564
MHIST_blj.png,HP,HP,0.05348
MHIST_blm.png,HP,HP,0.00002
MHIST_bln.png,HP,HP,0.00003
MHIST_blo.png,HP,HP,0.00032
MHIST_blv.png,HP,HP,0.04652
MHIST_bly.png,HP,HP,0.03090
MHIST_bmc.png,HP,HP,0.04826
MHIST_bmg.png,HP,HP,0.00009
MHIST_bmh.png,HP,SSA,0.90140
MHIST_bmt.png,HP,HP,0.00007
MHIST_bmv.png,HP,HP,0.06674
MHIST_bmw.png,HP,HP,0.00001
MHIST_bnb.png,HP,HP,0.00002
MHIST_bne.png,HP,HP,0.00027
MHIST_bnl.png,HP,HP,0.00117
MHIST_bnm.png,HP,HP,0.44832
MHIST_bnn.png,HP,HP,0.00909
MHIST_bnq.png,HP,HP,0.00955
MHIST_bnv.png,HP,HP,0.01119
MHIST_bnw.png,HP,SSA,0.79195
MHIST_bod.png,HP,HP,0.09467
MHIST_bof.png,HP,HP,0.06319
MHIST_boz.png,HP,HP,0.00000
MHIST_bpa.png,HP,HP,0.00851
MHIST_bpd.png,HP,HP,0.12595
MHIST_bpg.png,HP,HP,0.03372
MHIST_bph.png,HP,HP,0.33529
MHIST_bpn.png,HP,HP,0.00006
MHIST_bpo.png,HP,HP,0.00111
MHIST_bpu.png,HP,HP,0.00048
MHIST_bpx.png,HP,SSA,0.85153
MHIST_bqb.png,HP,HP,0.04752
MHIST_bqs.png,HP,HP,0.01435
MHIST_bre.png,HP,HP,0.01320
MHIST_bro.png,HP,HP,0.33491
MHIST_brp.png,HP,SSA,0.77356
MHIST_brs.png,HP,HP,0.03224
MHIST_brt.png,HP,SSA,0.82152
MHIST_bru.png,HP,HP,0.21040
MHIST_brv.png,HP,HP,0.37179
MHIST_brx.png,HP,HP,0.02822
MHIST_bsa.png,HP,HP,0.00688
MHIST_bsc.png,HP,HP,0.00203
MHIST_bsd.png,HP,HP,0.00521
MHIST_bsf.png,HP,HP,0.00042
MHIST_bsh.png,HP,HP,0.00236
MHIST_bsr.png,HP,HP,0.00069
MHIST_bss.png,HP,HP,0.00510
MHIST_bsu.png,HP,HP,0.05869
MHIST_bsz.png,HP,HP,0.07237
MHIST_btf.png,HP,HP,0.05192
MHIST_bth.png,HP,HP,0.00638
MHIST_btk.png,HP,HP,0.00095
MHIST_btl.png,HP,HP,0.02269
MHIST_btm.png,HP,HP,0.00106
MHIST_btz.png,HP,HP,0.04496
MHIST_bud.png,HP,HP,0.00293
MHIST_bue.png,HP,HP,0.00267
MHIST_buh.png,HP,HP,0.01772
MHIST_buj.png,HP,HP,0.04570
MHIST_bux.png,HP,HP,0.00594
MHIST_bva.png,HP,HP,0.48065
MHIST_bvc.png,HP,HP,0.07788
MHIST_bvj.png,HP,HP,0.00014
MHIST_bvk.png,HP,HP,0.01404
MHIST_bvl.png,HP,HP,0.01660
MHIST_bvv.png,HP,HP,0.00004
MHIST_bwg.png,HP,HP,0.03356
MHIST_bwh.png,HP,HP,0.22574
MHIST_bwt.png,HP,HP,0.00115
MHIST_bww.png,HP,HP,0.00055
MHIST_bwz.png,HP,HP,0.04571
MHIST_bxg.png,HP,HP,0.00015
MHIST_bxk.png,HP,HP,0.48168
MHIST_bxo.png,HP,HP,0.00251
MHIST_bxu.png,HP,HP,0.17001
MHIST_bxv.png,HP,HP,0.03348
MHIST_bxx.png,HP,HP,0.01197
MHIST_bxy.png,HP,HP,0.21005
MHIST_byf.png,HP,HP,0.03748
MHIST_byg.png,HP,HP,0.01307
MHIST_byi.png,HP,HP,0.13704
MHIST_byk.png,HP,HP,0.20117
MHIST_byl.png,HP,HP,0.00599
MHIST_bza.png,HP,HP,0.00036
MHIST_bzi.png,HP,HP,0.00189
MHIST_bzl.png,HP,HP,0.17577
MHIST_bzr.png,HP,HP,0.01407
MHIST_bzs.png,HP,HP,0.00063
MHIST_bzu.png,HP,HP,0.11741
MHIST_caa.png,HP,HP,0.00139
MHIST_cad.png,HP,HP,0.12906
MHIST_caf.png,HP,HP,0.01413
MHIST_cam.png,HP,HP,0.43660
MHIST_cao.png,HP,HP,0.00040
MHIST_cat.png,HP,HP,0.00023
MHIST_cax.png,HP,SSA,0.51211
MHIST_cbq.png,HP,HP,0.00769
MHIST_ccn.png,HP,HP,0.00157
MHIST_cco.png,HP,HP,0.07204
MHIST_cct.png,HP,HP,0.00020
MHIST_cdk.png,HP,HP,0.00305
MHIST_cdo.png,HP,HP,0.22550
MHIST_cdp.png,HP,HP,0.03126
MHIST_cdr.png,HP,HP,0.02283
MHIST_cdu.png,HP,HP,0.00425
MHIST_cdw.png,HP,HP,0.00002
MHIST_ceb.png,HP,HP,0.08829
MHIST_ceo.png,HP,HP,0.10047
MHIST_cew.png,HP,HP,0.00009
MHIST_cfn.png,HP,HP,0.13955
MHIST_cfq.png,HP,HP,0.04257
MHIST_cfu.png,HP,HP,0.49997
MHIST_cgd.png,HP,HP,0.06766
MHIST_cgi.png,HP,SSA,0.52365
MHIST_chd.png,HP,HP,0.00756
MHIST_chg.png,HP,HP,0.09520
MHIST_chl.png,HP,HP,0.01159
MHIST_cht.png,HP,HP,0.02256
MHIST_cid.png,HP,HP,0.07943
MHIST_cie.png,HP,HP,0.05837
MHIST_cim.png,HP,HP,0.00031
MHIST_cio.png,HP,HP,0.00922
MHIST_ciu.png,HP,HP,0.01407
MHIST_ciw.png,HP,HP,0.00636
MHIST_cji.png,HP,HP,0.00095
MHIST_cjk.png,HP,HP,0.00007
MHIST_cjn.png,HP,HP,0.02835
MHIST_cjr.png,HP,HP,0.02382
MHIST_cjs.png,HP,HP,0.00343
MHIST_cjt.png,HP,HP,0.00205
MHIST_ckh.png,HP,HP,0.00407
MHIST_cki.png,HP,HP,0.00026
MHIST_ckl.png,HP,HP,0.00619
MHIST_cku.png,HP,HP,0.00585
MHIST_ckx.png,HP,HP,0.11917
MHIST_cld.png,HP,HP,0.29958
MHIST_clh.png,HP,HP,0.03389
MHIST_cll.png,HP,HP,0.00019
MHIST_clx.png,HP,HP,0.16545
MHIST_clz.png,HP,HP,0.00002
MHIST_cmc.png,HP,HP,0.00011
MHIST_cmd.png,HP,HP,0.36647
MHIST_cmi.png,HP,HP,0.05105
MHIST_cmn.png,HP,SSA,0.56328
MHIST_cmo.png,HP,HP,0.10559
MHIST_cmw.png,HP,HP,0.00374
MHIST_cmy.png,HP,HP,0.00013
MHIST_cng.png,HP,HP,0.12011
MHIST_cnk.png,HP,HP,0.36828
MHIST_cnm.png,HP,HP,0.00878
MHIST_cnn.png,HP,HP,0.06854
MHIST_cnp.png,HP,HP,0.13525
MHIST_cnx.png,HP,SSA,0.92541
MHIST_coh.png,HP,HP,0.00011
MHIST_cok.png,HP,HP,0.05987
MHIST_coq.png,HP,HP,0.01883
MHIST_cov.png,HP,HP,0.00018
MHIST_coy.png,HP,HP,0.46940
MHIST_cpe.png,HP,HP,0.01286
MHIST_cpi.png,HP,HP,0.20430
MHIST_cpq.png,HP,HP,0.30241
MHIST_cqa.png,HP,HP,0.00279
MHIST_cqb.png,HP,HP,0.00067
MHIST_cqi.png,HP,HP,0.06313
MHIST_cqj.png,HP,HP,0.26868
MHIST_cqt.png,HP,HP,0.00237
MHIST_cqv.png,HP,HP,0.00099
MHIST_cqz.png,HP,HP,0.00772
MHIST_cra.png,HP,HP,0.00002
MHIST_crd.png,HP,HP,0.14748
MHIST_crh.png,HP,HP,0.00902
MHIST_crt.png,HP,HP,0.15082
MHIST_cru.png,HP,HP,0.00105
MHIST_crw.png,HP,HP,0.03213
MHIST_crx.png,HP,HP,0.05177
MHIST_csa.png,HP,HP,0.21615
MHIST_csb.png,HP,HP,0.01284
MHIST_csi.png,HP,HP,0.00786
MHIST_csk.png,HP,HP,0.00047
MHIST_csq.png,HP,HP,0.00042
MHIST_cte.png,HP,HP,0.00022
MHIST_ctg.png,HP,HP,0.10107
MHIST_ctk.png,HP,SSA,0.51445
MHIST_cto.png,HP,HP,0.00244
MHIST_ctr.png,HP,HP,0.00203
MHIST_cts.png,HP,HP,0.01751
MHIST_ctt.png,HP,HP,0.09824
MHIST_ctw.png,HP,HP,0.17539
MHIST_ctx.png,HP,SSA,0.90196
MHIST_cub.png,HP,HP,0.03179
MHIST_cuy.png,HP,HP,0.00567
MHIST_cvb.png,HP,HP,0.47987
MHIST_cvd.png,HP,HP,0.00009
MHIST_cve.png,HP,HP,0.14406
MHIST_cvn.png,HP,HP,0.09791
MHIST_cvw.png,HP,HP,0.00197
MHIST_cvz.png,HP,HP,0.12206
MHIST_cwb.png,HP,HP,0.02679
MHIST_cwf.png,HP,HP,0.00006
MHIST_cwk.png,HP,HP,0.26692
MHIST_cww.png,HP,HP,0.00607
MHIST_cxa.png,HP,HP,0.10357
MHIST_cxd.png,HP,HP,0.00387
MHIST_cxe.png,HP,HP,0.00429
MHIST_cxj.png,HP,SSA,0.87602
MHIST_cxq.png,HP,HP,0.12795
MHIST_cxr.png,HP,SSA,0.64310
MHIST_cxu.png,HP,HP,0.00027
MHIST_cyb.png,HP,HP,0.00054
MHIST_cyf.png,HP,HP,0.19379
MHIST_cyj.png,HP,HP,0.00705
MHIST_cyl.png,HP,HP,0.12451
MHIST_cyv.png,HP,HP,0.00584
MHIST_czc.png,HP,HP,0.02629
MHIST_czu.png,HP,HP,0.01375
MHIST_dah.png,HP,HP,0.00080
MHIST_dak.png,HP,HP,0.02764
MHIST_dal.png,HP,HP,0.00298
MHIST_dan.png,HP,HP,0.00124
MHIST_daq.png,HP,HP,0.00180
MHIST_dar.png,HP,HP,0.30368
MHIST_dba.png,HP,HP,0.00163
MHIST_dbb.png,HP,HP,0.00656
MHIST_dbe.png,HP,HP,0.41246
MHIST_dbh.png,HP,HP,0.00007
MHIST_dbl.png,HP,HP,0.07171
MHIST_dbr.png,HP,HP,0.00675
MHIST_dbu.png,HP,HP,0.08112
MHIST_dca.png,HP,HP,0.00037
MHIST_dcf.png,HP,HP,0.00046
MHIST_ddd.png,HP,HP,0.00418
MHIST_ddf.png,HP,HP,0.03681
MHIST_ddi.png,HP,HP,0.01670
MHIST_ddk.png,HP,HP,0.00551
MHIST_ddn.png,HP,HP,0.04227
MHIST_ddo.png,HP,HP,0.15697
MHIST_ddr.png,HP,HP,0.02951
MHIST_dec.png,HP,SSA,0.67324
MHIST_def.png,HP,SSA,0.88888
MHIST_dej.png,HP,HP,0.15252
MHIST_den.png,HP,SSA,0.87254
MHIST_der.png,HP,HP,0.00768
MHIST_dev.png,HP,HP,0.05299
MHIST_dey.png,HP,SSA,0.55316
MHIST_dfc.png,HP,HP,0.01811
MHIST_dfi.png,HP,HP,0.00269
MHIST_dfl.png,HP,HP,0.07867
MHIST_dfm.png,HP,HP,0.05293
MHIST_dfr.png,HP,SSA,0.90789
MHIST_dfv.png,HP,SSA,0.73594
MHIST_dfy.png,HP,HP,0.24825
MHIST_dfz.png,HP,HP,0.47156
MHIST_dgk.png,HP,HP,0.06708
MHIST_dgp.png,HP,HP,0.02699
MHIST_dgr.png,HP,SSA,0.93621
MHIST_dgz.png,HP,HP,0.00875
MHIST_dha.png,HP,HP,0.00009
MHIST_dhf.png,HP,HP,0.00033
MHIST_dhg.png,HP,HP,0.49588
MHIST_dhl.png,HP,HP,0.00075
MHIST_dhw.png,HP,HP,0.17649
MHIST_dic.png,HP,HP,0.00270
MHIST_did.png,HP,SSA,0.95242
MHIST_dij.png,HP,HP,0.00034
MHIST_diq.png,HP,HP,0.25834
MHIST_dir.png,HP,HP,0.02782
MHIST_dja.png,HP,HP,0.06807
MHIST_djc.png,HP,HP,0.01517
MHIST_dji.png,HP,HP,0.09177
MHIST_djp.png,HP,HP,0.00199
MHIST_djt.png,HP,SSA,0.82071
MHIST_dkh.png,HP,HP,0.00998
MHIST_dkl.png,HP,HP,0.03443
MHIST_dko.png,HP,HP,0.07472
MHIST_dlg.png,HP,HP,0.01417
MHIST_dln.png,HP,HP,0.16415
MHIST_dlq.png,HP,HP,0.09593
MHIST_dmf.png,HP,HP,0.00844
MHIST_dmh.png,HP,HP,0.01051
MHIST_dmo.png,HP,HP,0.00009
MHIST_dmr.png,HP,SSA,0.86444
MHIST_dmx.png,HP,HP,0.00077
MHIST_dnc.png,HP,HP,0.00590
MHIST_dnf.png,HP,HP,0.01956
MHIST_dng.png,HP,HP,0.24105
MHIST_dnq.png,HP,HP,0.38146
MHIST_dnr.png,HP,HP,0.01271
MHIST_dns.png,HP,HP,0.10148
MHIST_dod.png,HP,HP,0.02406
MHIST_doi.png,HP,HP,0.12688
MHIST_doo.png,HP,HP,0.00144
MHIST_dou.png,HP,HP,0.00102
MHIST_dov.png,HP,HP,0.02313
MHIST_dow.png,HP,HP,0.02825
MHIST_doz.png,HP,SSA,0.74313
MHIST_dpa.png,HP,HP,0.32854
MHIST_dpc.png,HP,HP,0.02853
MHIST_dpd.png,HP,HP,0.22932
MHIST_dpi.png,HP,HP,0.01162
MHIST_dpx.png,HP,HP,0.00118
MHIST_dqk.png,HP,HP,0.04862
MHIST_dqn.png,HP,SSA,0.58714
MHIST_dqv.png,HP,HP,0.00225
MHIST_drl.png,HP,HP,0.04201
MHIST_drm.png,HP,HP,0.09480
MHIST_drp.png,HP,HP,0.00194
MHIST_drq.png,HP,HP,0.10315
MHIST_dru.png,HP,HP,0.47359
MHIST_dsb.png,HP,HP,0.08601
MHIST_dsg.png,HP,SSA,0.51295
MHIST_dss.png,HP,HP,0.00151
MHIST_dta.png,HP,HP,0.00901
MHIST_dtc.png,HP,HP,0.01172
MHIST_dtj.png,HP,HP,0.00575
MHIST_dtm.png,HP,HP,0.15791
MHIST_dto.png,HP,HP,0.03504
MHIST_dtz.png,HP,HP,0.24382
MHIST_dub.png,HP,SSA,0.60434
MHIST_dug.png,HP,HP,0.01189
MHIST_duh.png,HP,HP,0.01805
MHIST_dul.png,HP,HP,0.13316
MHIST_dum.png,HP,HP,0.05849
MHIST_dun.png,HP,HP,0.00481
MHIST_duo.png,HP,SSA,0.99351
MHIST_dur.png,HP,HP,0.00001
MHIST_dus.png,HP,HP,0.01392
MHIST_dut.png,HP,HP,0.00293
MHIST_duv.png,HP,SSA,0.57443
MHIST_dux.png,HP,HP,0.00005
MHIST_dvd.png,HP,HP,0.19520
MHIST_dve.png,HP,HP,0.01830
MHIST_dvi.png,HP,HP,0.11621
MHIST_dvl.png,HP,HP,0.11556
MHIST_dvq.png,HP,HP,0.00026
MHIST_dvs.png,HP,HP,0.01013
MHIST_dvt.png,HP,HP,0.00549
MHIST_dvv.png,HP,HP,0.08305
MHIST_dwg.png,HP,HP,0.00112
MHIST_dwh.png,HP,HP,0.44925
MHIST_dwn.png,HP,HP,0.00553
MHIST_dwt.png,HP,HP,0.01225
MHIST_dxi.png,HP,HP,0.01946
MHIST_dxu.png,HP,HP,0.00302
MHIST_dxv.png,HP,HP,0.00184
MHIST_dyd.png,HP,HP,0.01128
MHIST_dye.png,HP,SSA,0.57456
MHIST_dyk.png,HP,HP,0.01808
MHIST_dyn.png,HP,HP,0.00193
MHIST_dyo.png,HP,HP,0.00342
MHIST_dyp.png,HP,HP,0.11194
MHIST_dyv.png,HP,HP,0.01506
MHIST_dza.png,HP,HP,0.00022
MHIST_dzc.png,HP,HP,0.14810
MHIST_dzd.png,HP,HP,0.15513
MHIST_dze.png,HP,HP,0.00190
MHIST_dzl.png,HP,HP,0.01254
MHIST_dzm.png,HP,SSA,0.58848
MHIST_dzq.png,HP,HP,0.00048
MHIST_dzs.png,HP,SSA,0.71442
MHIST_dzu.png,HP,HP,0.27202
MHIST_dzw.png,HP,HP,0.02164
MHIST_dzx.png,HP,HP,0.06121
MHIST_eac.png,HP,HP,0.00403
MHIST_eaf.png,HP,HP,0.03001
MHIST_eag.png,HP,HP,0.00234
MHIST_eah.png,HP,HP,0.40852
MHIST_eai.png,HP,HP,0.14475
MHIST_eak.png,HP,HP,0.00000
MHIST_eam.png,HP,SSA,0.96474
MHIST_ebc.png,HP,HP,0.08284
MHIST_ece.png,HP,HP,0.02986
MHIST_ech.png,HP,HP,0.02977
MHIST_eco.png,HP,SSA,0.54349
MHIST_ecr.png,HP,HP,0.37460
MHIST_ecx.png,HP,HP,0.00862
MHIST_ecz.png,HP,HP,0.26138
MHIST_edd.png,HP,HP,0.00281
MHIST_edg.png,HP,HP,0.00607
MHIST_edh.png,HP,HP,0.02863
MHIST_edn.png,HP,HP,0.00323
MHIST_efd.png,HP,HP,0.21683
MHIST_eff.png,HP,HP,0.00026
MHIST_efr.png,HP,HP,0.37297
MHIST_efs.png,HP,HP,0.00145
MHIST_efv.png,HP,HP,0.00632
MHIST_efy.png,HP,HP,0.01342
MHIST_ege.png,HP,HP,0.05033
MHIST_ehb.png,HP,SSA,0.58300
MHIST_ehg.png,HP,HP,0.00953
MHIST_ehh.png,HP,HP,0.04072
MHIST_eho.png,HP,SSA,0.73127
MHIST_ehw.png,HP,HP,0.00273
MHIST_eib.png,HP,HP,0.07665
MHIST_eie.png,HP,SSA,0.85542
MHIST_eio.png,HP,HP,0.00005
MHIST_ejd.png,HP,HP,0.00080
MHIST_ejm.png,HP,HP,0.02207
MHIST_ejo.png,HP,HP,0.01954
MHIST_ejr.png,HP,HP,0.00529
MHIST_ekc.png,HP,HP,0.05557
MHIST_ekn.png,HP,SSA,0.91148
MHIST_ela.png,HP,HP,0.02312
MHIST_ele.png,HP,HP,0.03815
MHIST_elh.png,HP,HP,0.00259
MHIST_eli.png,HP,HP,0.00068
MHIST_elj.png,HP,HP,0.01239
MHIST_elk.png,HP,HP,0.00007
MHIST_ell.png,HP,HP,0.06629
MHIST_els.png,HP,HP,0.00487
MHIST_elt.png,HP,HP,0.00013
MHIST_emp.png,HP,HP,0.02410
MHIST_emq.png,HP,HP,0.39024
MHIST_emr.png,HP,HP,0.00019
MHIST_ena.png,HP,HP,0.12837
MHIST_enc.png,HP,HP,0.19604
MHIST_ene.png,HP,HP,0.01234
MHIST_eny.png,HP,HP,0.14535
MHIST_enz.png,HP,HP,0.00533
MHIST_eoc.png,HP,HP,0.03308
MHIST_eod.png,HP,HP,0.00000
MHIST_eol.png,HP,HP,0.00020
MHIST_eop.png,HP,HP,0.00320
MHIST_eoq.png,HP,HP,0.00689
MHIST_epf.png,HP,HP,0.00031
MHIST_epj.png,HP,HP,0.16255
MHIST_epk.png,HP,HP,0.06826
MHIST_epl.png,HP,HP,0.00380
MHIST_epo.png,HP,HP,0.08246
MHIST_epp.png,HP,HP,0.00498
MHIST_eps.png,HP,HP,0.25553
MHIST_ept.png,HP,HP,0.03745
MHIST_eqc.png,HP,HP,0.00116
MHIST_eqe.png,HP,HP,0.02498
MHIST_eqg.png,HP,HP,0.00931
MHIST_eqi.png,HP,HP,0.00027
MHIST_eqt.png,HP,HP,0.06520
MHIST_equ.png,HP,HP,0.19849
MHIST_eqv.png,HP,HP,0.00105
MHIST_aad.png,SSA,SSA,0.91844
MHIST_aaq.png,SSA,SSA,0.70518
MHIST_aaz.png,SSA,SSA,0.91244
MHIST_abb.png,SSA,SSA,0.91824
MHIST_abe.png,SSA,SSA,0.96774
MHIST_adc.png,SSA,SSA,0.87365
MHIST_adx.png,SSA,SSA,0.87949
MHIST_ady.png,SSA,SSA,0.83451
MHIST_aff.png,SSA,SSA,0.99913
MHIST_agb.png,SSA,SSA,0.78250
MHIST_agd.png,SSA,SSA,0.91879
MHIST_agi.png,SSA,SSA,0.96725
MHIST_agu.png,SSA,SSA,0.89095
MHIST_aha.png,SSA,HP,0.19947
MHIST_ahb.png,SSA,SSA,0.95661
MHIST_ahq.png,SSA,HP,0.34171
MHIST_ahr.png,SSA,HP,0.37979
MHIST_ain.png,SSA,HP,0.18329
MHIST_ais.png,SSA,SSA,0.94534
MHIST_ajc.png,SSA,SSA,0.92861
MHIST_ajd.png,SSA,SSA,0.64809
MHIST_ajn.png,SSA,SSA,0.97870
MHIST_akd.png,SSA,SSA,0.82389
MHIST_aki.png,SSA,HP,0.03574
MHIST_akk.png,SSA,SSA,0.98003
MHIST_akl.png,SSA,SSA,0.62065
MHIST_akn.png,SSA,SSA,0.99887
MHIST_akv.png,SSA,SSA,0.95344
MHIST_akx.png,SSA,HP,0.34637
MHIST_aky.png,SSA,SSA,0.97652
MHIST_ale.png,SSA,SSA,0.85668
MHIST_amm.png,SSA,HP,0.16531
MHIST_amv.png,SSA,SSA,0.95106
MHIST_anc.png,SSA,SSA,0.56577
MHIST_anm.png,SSA,SSA,0.90683
MHIST_ann.png,SSA,SSA,0.99722
MHIST_ano.png,SSA,SSA,0.55999
MHIST_ans.png,SSA,SSA,0.90851
MHIST_anw.png,SSA,SSA,0.93445
MHIST_aoo.png,SSA,HP,0.30563
MHIST_aow.png,SSA,SSA,0.76965
MHIST_apc.png,SSA,SSA,0.93835
MHIST_apm.png,SSA,HP,0.05220
MHIST_apu.png,SSA,SSA,0.97150
MHIST_aqh.png,SSA,SSA,0.93966
MHIST_aqi.png,SSA,HP,0.03246
MHIST_aqk.png,SSA,SSA,0.81142
MHIST_aqr.png,SSA,SSA,0.98072
MHIST_aqv.png,SSA,SSA,0.95951
MHIST_arf.png,SSA,SSA,0.85373
MHIST_arp.png,SSA,SSA,0.94597
MHIST_arw.png,SSA,SSA,0.94344
MHIST_asb.png,SSA,SSA,0.96157
MHIST_asc.png,SSA,SSA,0.93584
MHIST_asd.png,SSA,SSA,0.91521
MHIST_ash.png,SSA,SSA,0.95444
MHIST_ata.png,SSA,SSA,0.60715
MHIST_ato.png,SSA,SSA,0.96589
MHIST_aua.png,SSA,SSA,0.89127
MHIST_auh.png,SSA,SSA,0.98587
MHIST_auu.png,SSA,HP,0.08296
MHIST_auw.png,SSA,SSA,0.93995
MHIST_ave.png,SSA,SSA,0.81070
MHIST_avp.png,SSA,SSA,0.99355
MHIST_awk.png,SSA,SSA,0.99140
MHIST_axb.png,SSA,SSA,0.96495
MHIST_axg.png,SSA,SSA,0.99825
MHIST_axj.png,SSA,SSA,0.50802
MHIST_aye.png,SSA,HP,0.00133
MHIST_ayq.png,SSA,SSA,0.92733
MHIST_ays.png,SSA,HP,0.34459
MHIST_aze.png,SSA,SSA,0.98064
MHIST_azl.png,SSA,SSA,0.99772
MHIST_azn.png,SSA,SSA,0.99701
MHIST_azo.png,SSA,SSA,0.99515
MHIST_bae.png,SSA,SSA,0.79828
MHIST_baf.png,SSA,SSA,0.97430
MHIST_bal.png,SSA,SSA,0.62774
MHIST_bas.png,SSA,HP,0.10840
MHIST_bav.png,SSA,SSA,0.82505
MHIST_bbe.png,SSA,SSA,0.96423
MHIST_bbl.png,SSA,SSA,0.99404
MHIST_bbs.png,SSA,SSA,0.94130
MHIST_bcc.png,SSA,SSA,0.93843
MHIST_bdv.png,SSA,SSA,0.89900
MHIST_bec.png,SSA,SSA,0.87843
MHIST_ber.png,SSA,SSA,0.95687
MHIST_bex.png,SSA,HP,0.04846
MHIST_bfo.png,SSA,SSA,0.98392
MHIST_bfx.png,SSA,HP,0.00335
MHIST_bgk.png,SSA,HP,0.07194
MHIST_bgs.png,SSA,SSA,0.99258
MHIST_bhn.png,SSA,SSA,0.57427
MHIST_bho.png,SSA,SSA,0.92373
MHIST_bhq.png,SSA,SSA,0.93548
MHIST_bhv.png,SSA,SSA,0.95090
MHIST_bhy.png,SSA,SSA,0.90425
MHIST_bin.png,SSA,SSA,0.97330
MHIST_bip.png,SSA,SSA,0.98933
MHIST_bjd.png,SSA,SSA,0.76075
MHIST_bjr.png,SSA,SSA,0.95762
MHIST_bjx.png,SSA,SSA,0.97211
MHIST_bkj.png,SSA,HP,0.17161
MHIST_bkk.png,SSA,HP,0.20115
MHIST_bkv.png,SSA,SSA,0.98945
MHIST_ble.png,SSA,SSA,0.94092
MHIST_blg.png,SSA,HP,0.17003
MHIST_blr.png,SSA,SSA,0.96910
MHIST_blw.png,SSA,SSA,0.83225
MHIST_bmd.png,SSA,SSA,0.89770
MHIST_bmn.png,SSA,SSA,0.96427
MHIST_bmy.png,SSA,HP,0.15201
MHIST_bnc.png,SSA,SSA,0.58211
MHIST_bnd.png,SSA,HP,0.17638
MHIST_boa.png,SSA,SSA,0.87653
MHIST_boe.png,SSA,HP,0.06566
MHIST_bot.png,SSA,SSA,0.97879
MHIST_bov.png,SSA,SSA,0.96206
MHIST_bpk.png,SSA,SSA,0.68327
MHIST_bps.png,SSA,HP,0.07176
MHIST_bqc.png,SSA,HP,0.47077
MHIST_bqg.png,SSA,SSA,0.82267
MHIST_bqi.png,SSA,HP,0.30932
MHIST_bqr.png,SSA,SSA,0.96587
MHIST_bqv.png,SSA,SSA,0.92299
MHIST_brr.png,SSA,SSA,0.98633
MHIST_bsy.png,SSA,SSA,0.95015
MHIST_bta.png,SSA,SSA,0.62767
MHIST_btr.png,SSA,SSA,0.85657
MHIST_bty.png,SSA,SSA,0.94023
MHIST_bur.png,SSA,SSA,0.98242
MHIST_buv.png,SSA,SSA,0.73746
MHIST_bvb.png,SSA,SSA,0.82949
MHIST_bvp.png,SSA,HP,0.31136
MHIST_bvu.png,SSA,SSA,0.98133
MHIST_bvz.png,SSA,SSA,0.73852
MHIST_bwc.png,SSA,SSA,0.90946
MHIST_bxc.png,SSA,SSA,0.93182
MHIST_bxf.png,SSA,SSA,0.89850
MHIST_bxi.png,SSA,HP,0.15733
MHIST_bxz.png,SSA,SSA,0.69406
MHIST_bya.png,SSA,HP,0.46789
MHIST_byb.png,SSA,HP,0.09034
MHIST_byq.png,SSA,SSA,0.97926
MHIST_byr.png,SSA,SSA,0.93453
MHIST_bzh.png,SSA,HP,0.43550
MHIST_bzm.png,SSA,HP,0.27895
MHIST_cag.png,SSA,SSA,0.72156
MHIST_cai.png,SSA,SSA,0.93721
MHIST_cau.png,SSA,SSA,0.95816
MHIST_cbb.png,SSA,SSA,0.95771
MHIST_cbg.png,SSA,SSA,0.96286
MHIST_cbj.png,SSA,SSA,0.80717
MHIST_cbl.png,SSA,SSA,0.97682
MHIST_cbx.png,SSA,SSA,0.89694
MHIST_cce.png,SSA,SSA,0.50398
MHIST_ccr.png,SSA,SSA,0.98049
MHIST_cde.png,SSA,SSA,0.60807
MHIST_cdf.png,SSA,SSA,0.89943
MHIST_cdn.png,SSA,HP,0.29182
MHIST_cei.png,SSA,SSA,0.83802
MHIST_cek.png,SSA,HP,0.01910
MHIST_cel.png,SSA,SSA,0.98045
MHIST_cem.png,SSA,SSA,0.88423
MHIST_ces.png,SSA,HP,0.23212
MHIST_ceu.png,SSA,SSA,0.66234
MHIST_cev.png,SSA,SSA,0.99209
MHIST_cez.png,SSA,SSA,0.99500
MHIST_cfc.png,SSA,SSA,0.95821
MHIST_cgb.png,SSA,SSA,0.68931
MHIST_cgk.png,SSA,SSA,0.93035
MHIST_cgo.png,SSA,HP,0.03126
MHIST_cgp.png,SSA,SSA,0.95037
MHIST_cgs.png,SSA,SSA,0.54487
MHIST_cgu.png,SSA,SSA,0.89026
MHIST_cgw.png,SSA,SSA,0.95758
MHIST_cha.png,SSA,HP,0.07013
MHIST_che.png,SSA,SSA,0.97647
MHIST_chr.png,SSA,SSA,0.96598
MHIST_chv.png,SSA,SSA,0.70555
MHIST_cia.png,SSA,HP,0.37587
MHIST_cje.png,SSA,SSA,0.96655
MHIST_cjl.png,SSA,HP,0.38098
MHIST_cjq.png,SSA,SSA,0.96962
MHIST_ckf.png,SSA,HP,0.24865
MHIST_ckn.png,SSA,SSA,0.63661
MHIST_cla.png,SSA,SSA,0.90245
MHIST_clf.png,SSA,HP,0.01567
MHIST_clg.png,SSA,HP,0.10680
MHIST_clo.png,SSA,HP,0.05170
MHIST_clt.png,SSA,SSA,0.96009
MHIST_cmf.png,SSA,HP,0.30182
MHIST_cmg.png,SSA,SSA,0.69564
MHIST_cmh.png,SSA,SSA,0.80726
MHIST_cmt.png,SSA,SSA,0.96654
MHIST_cnh.png,SSA,HP,0.07812
MHIST_cni.png,SSA,SSA,0.96435
MHIST_cnr.png,SSA,SSA,0.96371
MHIST_cns.png,SSA,HP,0.30802
MHIST_cnt.png,SSA,HP,0.10146
MHIST_coj.png,SSA,SSA,0.99634
MHIST_con.png,SSA,HP,0.00196
MHIST_cox.png,SSA,SSA,0.63614
MHIST_cpd.png,SSA,SSA,0.95235
MHIST_cpk.png,SSA,SSA,0.89302
MHIST_cpm.png,SSA,HP,0.15022
MHIST_cpo.png,SSA,SSA,0.78084
MHIST_cpr.png,SSA,SSA,0.81304
MHIST_cps.png,SSA,SSA,0.99053
MHIST_cpt.png,SSA,SSA,0.85369
MHIST_cpz.png,SSA,SSA,0.83030
MHIST_cqp.png,SSA,SSA,0.98260
MHIST_cqq.png,SSA,SSA,0.69531
MHIST_cqr.png,SSA,SSA,0.90160
MHIST_cqs.png,SSA,HP,0.10953
MHIST_cqu.png,SSA,SSA,0.97514
MHIST_cqw.png,SSA,HP,0.06657
MHIST_cre.png,SSA,SSA,0.76265
MHIST_crf.png,SSA,SSA,0.91448
MHIST_crl.png,SSA,SSA,0.88523
MHIST_csd.png,SSA,SSA,0.96950
MHIST_csh.png,SSA,SSA,0.90383
MHIST_csj.png,SSA,SSA,0.77593
MHIST_csn.png,SSA,SSA,0.85218
MHIST_csw.png,SSA,SSA,0.98916
MHIST_ctb.png,SSA,HP,0.18665
MHIST_ctc.png,SSA,SSA,0.96540
MHIST_cti.png,SSA,SSA,0.50459
MHIST_cuq.png,SSA,SSA,0.96087
MHIST_cus.png,SSA,HP,0.20582
MHIST_cuu.png,SSA,HP,0.35708
MHIST_cvp.png,SSA,SSA,0.91773
MHIST_cvq.png,SSA,SSA,0.95446
MHIST_cwn.png,SSA,SSA,0.98189
MHIST_cwz.png,SSA,SSA,0.95079
MHIST_cxx.png,SSA,SSA,0.97629
MHIST_cyk.png,SSA,SSA,0.98344
MHIST_cyn.png,SSA,SSA,0.92918
MHIST_cza.png,SSA,SSA,0.99057
MHIST_cze.png,SSA,SSA,0.98263
MHIST_czr.png,SSA,SSA,0.92683
MHIST_dab.png,SSA,SSA,0.96554
MHIST_dac.png,SSA,SSA,0.98565
MHIST_dad.png,SSA,SSA,0.91466
MHIST_dax.png,SSA,SSA,0.97837
MHIST_dbf.png,SSA,SSA,0.82980
MHIST_dcg.png,SSA,SSA,0.98754
MHIST_dcv.png,SSA,SSA,0.52590
MHIST_ddb.png,SSA,SSA,0.92261
MHIST_ddg.png,SSA,SSA,0.83160
MHIST_dfb.png,SSA,SSA,0.88694
MHIST_dfe.png,SSA,SSA,0.83641
MHIST_dfn.png,SSA,SSA,0.98769
MHIST_dfp.png,SSA,SSA,0.94408
MHIST_dgj.png,SSA,SSA,0.96351
MHIST_dgu.png,SSA,HP,0.44603
MHIST_dhc.png,SSA,SSA,0.98938
MHIST_dhx.png,SSA,SSA,0.97428
MHIST_dhz.png,SSA,HP,0.03335
MHIST_dib.png,SSA,SSA,0.99272
MHIST_dio.png,SSA,SSA,0.89549
MHIST_dix.png,SSA,HP,0.03403
MHIST_diz.png,SSA,SSA,0.97127
MHIST_djb.png,SSA,SSA,0.85608
MHIST_djd.png,SSA,SSA,0.99370
MHIST_dje.png,SSA,HP,0.20482
MHIST_djg.png,SSA,SSA,0.93641
MHIST_djh.png,SSA,SSA,0.95371
MHIST_dkk.png,SSA,SSA,0.95710
MHIST_dlj.png,SSA,HP,0.18051
MHIST_dlp.png,SSA,SSA,0.96785
MHIST_dlt.png,SSA,HP,0.08835
MHIST_dme.png,SSA,SSA,0.59793
MHIST_dmq.png,SSA,SSA,0.80109
MHIST_dnd.png,SSA,HP,0.20474
MHIST_dnj.png,SSA,HP,0.38976
MHIST_dob.png,SSA,SSA,0.97604
MHIST_doj.png,SSA,HP,0.08660
MHIST_don.png,SSA,SSA,0.97366
MHIST_dop.png,SSA,SSA,0.90931
MHIST_dpg.png,SSA,SSA,0.88511
MHIST_dpy.png,SSA,SSA,0.92996
MHIST_dqs.png,SSA,SSA,0.99245
MHIST_dqy.png,SSA,SSA,0.93556
MHIST_drc.png,SSA,SSA,0.92403
MHIST_drs.png,SSA,HP,0.30547
MHIST_dsl.png,SSA,SSA,0.92940
MHIST_dsy.png,SSA,SSA,0.90714
MHIST_dtq.png,SSA,HP,0.24851
MHIST_dtx.png,SSA,SSA,0.94782
MHIST_duw.png,SSA,SSA,0.97439
MHIST_duy.png,SSA,SSA,0.78573
MHIST_dva.png,SSA,SSA,0.91677
MHIST_dvy.png,SSA,SSA,0.79395
MHIST_dvz.png,SSA,SSA,0.98936
MHIST_dwf.png,SSA,HP,0.24594
MHIST_dws.png,SSA,SSA,0.99304
MHIST_dxc.png,SSA,HP,0.27086
MHIST_dxj.png,SSA,SSA,0.99142
MHIST_dxl.png,SSA,SSA,0.89735
MHIST_dxo.png,SSA,SSA,0.91430
MHIST_dxt.png,SSA,SSA,0.88319
MHIST_eao.png,SSA,SSA,0.98524
MHIST_eap.png,SSA,SSA,0.95490
MHIST_ebh.png,SSA,SSA,0.76069
MHIST_ebk.png,SSA,SSA,0.89489
MHIST_ebl.png,SSA,SSA,0.80354
MHIST_ebu.png,SSA,SSA,0.90685
MHIST_ecc.png,SSA,SSA,0.96518
MHIST_ecl.png,SSA,SSA,0.97861
MHIST_eda.png,SSA,SSA,0.98381
MHIST_edf.png,SSA,SSA,0.98239
MHIST_edi.png,SSA,SSA,0.81776
MHIST_edj.png,SSA,SSA,0.88468
MHIST_edm.png,SSA,SSA,0.95578
MHIST_eds.png,SSA,SSA,0.95178
MHIST_eeo.png,SSA,HP,0.11966
MHIST_eeq.png,SSA,SSA,0.93537
MHIST_eey.png,SSA,SSA,0.98820
MHIST_efh.png,SSA,HP,0.33633
MHIST_efw.png,SSA,SSA,0.92583
MHIST_efz.png,SSA,SSA,0.89879
MHIST_egb.png,SSA,SSA,0.91080
MHIST_egf.png,SSA,SSA,0.97663
MHIST_egi.png,SSA,SSA,0.79879
MHIST_egz.png,SSA,SSA,0.97255
MHIST_eha.png,SSA,SSA,0.99591
MHIST_ehd.png,SSA,SSA,0.67054
MHIST_ehm.png,SSA,SSA,0.98179
MHIST_ehs.png,SSA,SSA,0.89620
MHIST_ehz.png,SSA,SSA,0.98924
MHIST_eir.png,SSA,SSA,0.97439
MHIST_eiy.png,SSA,HP,0.42876
MHIST_eke.png,SSA,SSA,0.92777
MHIST_ekg.png,SSA,SSA,0.92376
MHIST_ekh.png,SSA,SSA,0.85123
MHIST_ekj.png,SSA,SSA,0.99592
MHIST_ekm.png,SSA,SSA,0.95632
MHIST_elb.png,SSA,SSA,0.68828
MHIST_elo.png,SSA,SSA,0.97503
MHIST_elu.png,SSA,SSA,0.82170
MHIST_elx.png,SSA,SSA,0.96919
MHIST_emf.png,SSA,SSA,0.85773
MHIST_ems.png,SSA,SSA,0.98587
MHIST_emu.png,SSA,SSA,0.98541
MHIST_emx.png,SSA,SSA,0.93029
MHIST_emy.png,SSA,SSA,0.98392
MHIST_end.png,SSA,SSA,0.98164
MHIST_enl.png,SSA,SSA,0.99229
MHIST_enm.png,SSA,SSA,0.99759
MHIST_enq.png,SSA,SSA,0.69432
MHIST_enr.png,SSA,HP,0.44547
MHIST_enu.png,SSA,SSA,0.84116
MHIST_env.png,SSA,SSA,0.98156
MHIST_enx.png,SSA,SSA,0.94070
MHIST_eow.png,SSA,SSA,0.97904
MHIST_epx.png,SSA,HP,0.27020
MHIST_eqj.png,SSA,SSA,0.64154
MHIST_eqz.png,SSA,SSA,0.99071
MHIST_erd.png,SSA,HP,0.15786
